ID,sex,age,worktime,edu,marriage,RL,WM,WD,HL,HW,OC
1,1,24,2,4,1,0.9997151,0.391452991,0.269610636,1.756695157,0.777492877,0.844064577
2,1,24,2,3,1,0.9997151,0.724786325,0.72794397,1.09002849,1.277492877,1.288509022
3,1,24,1,3,1,-0.2502849,-0.608547009,-1.008167142,-0.243304843,-0.555840456,-0.489268756
4,2,26,1,4,1,-0.583618234,-1.608547009,-0.216500475,-0.576638177,-1.055840456,-1.267046534
5,2,22,1,3,1,-0.666951567,-1.608547009,-0.660944919,-1.076638177,-0.389173789,0.177397911
6,2,21,1,3,1,-0.833618234,-0.941880342,-0.799833808,-0.576638177,-0.389173789,-0.489268756
7,2,22,0.5,3,2,-4.083618234,-0.608547009,-2.216500475,1.256695157,-2.055840456,-4.155935423
8,2,20,2,3,1,-0.7502849,0.058119658,-0.633167142,-1.243304843,-1.389173789,-0.044824311
9,1,24,2,3,1,0.166381766,0.058119658,-0.549833808,-0.243304843,-1.055840456,-1.155935423
10,1,21,0,3,1,0.583048433,0.391452991,-0.174833808,0.756695157,0.610826211,0.510731244
11,2,22,1,3,1,-0.166951567,-0.608547009,-0.605389364,-0.576638177,-0.055840456,-0.378157645
12,2,60,30,5,4,1.4997151,-0.608547009,-0.341500475,-0.076638177,-0.222507123,-0.378157645
13,1,28,1,3,1,1.4997151,0.391452991,0.158499525,-1.243304843,-1.389173789,-1.489268756
14,2,21,1,2,2,-1.416951567,-1.608547009,-1.508167142,-1.243304843,-1.389173789,-1.489268756
15,1,28,3,3,1,-0.333618234,-1.608547009,-0.827611586,-2.243304843,-1.722507123,0.177397911
16,2,28,1,3,3,1.2497151,1.391452991,1.283499525,-1.076638177,-0.055840456,0.399620133
17,1,25,3,3,1,0.666381766,1.391452991,1.380721747,1.423361823,0.610826211,0.621842355
18,2,24,1,3,1,-0.333618234,0.391452991,-0.244278253,-0.076638177,-0.222507123,-0.822602089
19,2,23,0.5,3,1,1.416381766,0.724786325,1.491832858,-1.40997151,-1.889173789,1.510731244
20,2,24,1,3,1,-1.7502849,-3.608547009,-1.160944919,-2.90997151,-4.222507123,-1.489268756
21,2,28,4,3,4,-1.166951567,-3.941880342,-0.869278253,-0.076638177,-2.055840456,-1.9337132
22,1,28,0.5,3,1,-1.916951567,-2.275213675,-1.591500475,-1.743304843,-1.722507123,-2.044824311
23,1,23,1,3,1,-0.0002849,-0.608547009,0.047388414,-0.40997151,-0.222507123,0.0662868
24,2,28,4,3,1,-0.083618234,-0.608547009,0.019610636,-1.743304843,-0.555840456,-0.600379867
25,2,29,4,3,3,1.4997151,-1.608547009,1.436277303,-0.076638177,0.110826211,1.510731244
26,1,87,3,3,4,-1.833618234,-0.608547009,-1.966500475,-1.576638177,-1.389173789,-1.600379867
27,1,26,3,3,1,-0.416951567,-0.608547009,-0.841500475,-0.243304843,-0.389173789,-0.489268756
28,2,23,1,3,1,-0.333618234,-0.608547009,-0.841500475,-0.243304843,-0.389173789,-0.378157645
29,2,22,1,3,1,-0.7502849,-0.608547009,-0.424833808,-0.40997151,-0.222507123,-0.044824311
30,1,23,2,2,2,-0.0002849,-0.941880342,-0.966500475,0.09002849,-0.389173789,-0.822602089
31,2,24,0,2,4,1.583048433,1.391452991,1.241832858,-1.90997151,-2.055840456,-2.489268756
32,2,22,5,3,1,-1.166951567,0.058119658,-0.02205603,-1.076638177,-0.222507123,-0.044824311
33,2,24,2,3,1,0.166381766,-0.275213675,0.144610636,-0.90997151,-1.389173789,-0.489268756
34,2,22,1,3,1,-0.5002849,-0.275213675,-0.452611586,0.256695157,-0.555840456,-0.155935423
35,2,22,0,3,2,-1.416951567,-1.608547009,-1.508167142,-1.243304843,-1.389173789,-1.489268756
36,2,22,2,3,1,-1.416951567,-1.608547009,-1.508167142,-1.243304843,-1.389173789,-1.489268756
37,1,25,2,4,1,-0.2502849,-0.941880342,-0.077611586,1.09002849,1.110826211,1.0662868
38,2,25,1,3,1,-1.333618234,-1.608547009,-1.035944919,-0.40997151,-0.889173789,-0.711490978
39,2,18,1,3,1,0.083048433,-1.275213675,-0.994278253,1.756695157,1.610826211,1.510731244
40,2,26,2,4,3,0.166381766,-0.275213675,-0.77205603,0.256695157,0.110826211,0.177397911
41,2,20,3,3,1,-0.666951567,1.391452991,0.47794397,0.423361823,0.444159544,0.177397911
42,2,25,2,3,1,-1.166951567,-0.941880342,-0.202611586,0.423361823,-0.389173789,-0.822602089
43,1,19,2,3,1,-1.583618234,-2.275213675,-1.619278253,-1.243304843,-1.555840456,-1.822602089
44,2,26,2,3,1,-1.5002849,-1.275213675,-1.14705603,-0.576638177,-0.722507123,-1.155935423
45,2,32,5,3,2,1.583048433,1.391452991,-0.188722697,1.756695157,1.444159544,0.288509022
46,1,20,1,3,3,-1.416951567,-1.275213675,-0.883167142,-0.076638177,0.110826211,-0.155935423
47,1,22,6,3,1,-1.083618234,-1.608547009,-1.244278253,-0.576638177,-0.889173789,-1.267046534
48,2,21,4,3,2,-4.416951567,-4.608547009,-3.508167142,-4.243304843,-4.389173789,-2.822602089
49,2,26,3,3,1,-1.083618234,-0.275213675,-0.494278253,-0.576638177,-1.055840456,-0.822602089
50,1,25,3,2,1,0.666381766,0.058119658,-0.799833808,0.256695157,-0.055840456,0.288509022
51,2,19,2,5,1,-1.333618234,-0.941880342,-1.077611586,-1.576638177,-1.222507123,-1.600379867
52,2,20,3,3,1,0.833048433,0.391452991,0.547388414,0.923361823,0.110826211,0.621842355
53,2,22,1,3,1,-0.916951567,0.058119658,-0.591500475,-0.40997151,-0.222507123,-0.155935423
54,2,23,2,2,2,-0.833618234,-0.608547009,-0.980389364,-0.743304843,-0.222507123,-0.489268756
55,2,29,4,3,1,0.2497151,-2.941880342,0.061277303,-0.576638177,-0.889173789,-0.489268756
56,2,30,3,3,4,-0.333618234,-0.608547009,-0.285944919,-1.243304843,-0.889173789,-0.822602089
57,2,45,10,3,2,1.583048433,1.391452991,-0.035944919,0.09002849,0.444159544,0.0662868
58,2,22,2,3,1,-2.5002849,-1.941880342,-2.244278253,-1.743304843,-1.889173789,-2.155935423
59,2,28,5,2,2,1.2497151,0.391452991,-0.174833808,0.756695157,0.610826211,0.510731244
60,2,21,2,2,2,-0.5002849,1.391452991,1.200166192,0.09002849,1.610826211,1.510731244
61,2,28,4,3,3,0.7497151,1.391452991,0.144610636,-0.576638177,-1.055840456,-0.489268756
62,2,24,4,3,2,-0.416951567,-0.608547009,-0.619278253,1.09002849,0.277492877,-0.044824311
63,2,20,1,3,1,-0.0002849,-0.941880342,-0.091500475,-1.90997151,-1.889173789,-0.600379867
64,1,23,2,3,2,0.666381766,0.058119658,-0.355389364,0.923361823,0.944159544,0.955175689
65,1,26,2,3,1,-0.083618234,0.391452991,-0.355389364,0.59002849,-0.222507123,0.0662868
66,1,19,2,1,1,-0.5002849,0.391452991,-0.480389364,0.423361823,0.110826211,0.0662868
67,2,27,2,4,2,-0.0002849,0.391452991,-0.563722697,0.256695157,0.110826211,-0.489268756
68,1,18,0,1,1,-2.5002849,-0.608547009,-1.105389364,-0.40997151,-0.722507123,0.844064577
69,2,24,1,4,1,-0.333618234,-0.275213675,0.075166192,-0.90997151,-0.055840456,-0.155935423
70,2,21,3,3,1,0.583048433,0.724786325,0.464055081,0.256695157,-0.889173789,-0.489268756
71,1,24,1,4,1,-1.7502849,-0.941880342,-1.383167142,-1.076638177,-1.055840456,0.621842355
72,2,21,0.5,3,2,0.416381766,0.058119658,0.47794397,-0.40997151,0.277492877,0.399620133
73,2,23,0,4,1,-0.7502849,-0.608547009,-1.174833808,-0.576638177,-1.055840456,-0.378157645
74,1,21,3,3,1,-0.333618234,0.391452991,0.325166192,0.756695157,0.610826211,0.288509022
75,2,25,5,4,2,-0.583618234,-0.941880342,-0.799833808,-0.076638177,-0.389173789,-1.489268756
76,2,28,3,3,1,-0.166951567,0.058119658,-0.119278253,-0.076638177,-0.055840456,-0.267046534
77,2,25,2,3,1,-1.416951567,-1.608547009,-1.508167142,-1.243304843,-1.389173789,-1.489268756
78,2,22,1,3,1,-1.166951567,-0.941880342,-1.230389364,-0.90997151,-0.889173789,-0.822602089
79,2,24,2,3,1,-1.416951567,-1.608547009,-1.549833808,-1.243304843,-1.389173789,-1.378157645
80,2,20,1,3,1,0.2497151,0.391452991,0.019610636,-0.576638177,0.110826211,-0.267046534
81,2,23,1,4,2,-0.083618234,0.724786325,-0.035944919,-0.243304843,-0.389173789,-0.267046534
82,2,22,1,3,2,0.166381766,0.391452991,-0.258167142,-0.076638177,-0.055840456,0.177397911
83,1,24,2,4,1,0.2497151,0.391452991,-0.27205603,0.756695157,0.610826211,0.510731244
84,2,24,1,3,1,-1.416951567,-1.608547009,-1.508167142,-1.243304843,-1.389173789,-1.489268756
85,2,19,0,3,1,-1.0002849,1.391452991,-1.008167142,-2.40997151,-2.055840456,-2.489268756
86,1,24,3,2,2,-0.666951567,-1.941880342,-0.494278253,0.256695157,0.110826211,-1.378157645
87,2,26,3,3,1,-2.2502849,-1.608547009,-1.619278253,0.256695157,-0.055840456,-0.822602089
88,1,20,1,3,1,-1.5002849,-1.608547009,-1.508167142,-1.243304843,-1.389173789,-1.489268756
89,1,20,0,3,1,-1.2502849,-1.275213675,-1.313722697,-0.743304843,-0.889173789,-1.267046534
90,2,24,3,4,2,-1.083618234,-0.608547009,-1.452611586,-0.90997151,-1.222507123,-0.9337132
91,2,23,1,3,1,1.083048433,-0.275213675,0.047388414,0.923361823,0.944159544,0.621842355
92,2,21,1,3,1,0.583048433,1.391452991,0.991832858,1.09002849,0.777492877,0.955175689
93,2,27,5,4,3,-1.5002849,-0.941880342,-0.480389364,-0.576638177,-1.222507123,-1.489268756
94,2,25,2,2,3,-0.583618234,-0.275213675,-0.660944919,-1.90997151,-1.389173789,-0.378157645
95,2,26,2,3,1,0.166381766,0.391452991,0.630721747,0.923361823,0.944159544,0.288509022
96,2,26,2,3,1,0.333048433,-0.608547009,0.033499525,-0.40997151,-0.389173789,0.0662868
97,2,22,1,3,1,0.416381766,0.391452991,0.366832858,0.256695157,0.610826211,0.510731244
98,2,22,2,4,1,0.2497151,0.058119658,-0.605389364,0.59002849,0.610826211,0.621842355
99,2,26,4,3,2,0.2497151,-0.275213675,0.283499525,0.923361823,0.277492877,0.0662868
100,2,26,2,3,4,-0.166951567,0.058119658,0.436277303,-0.243304843,0.277492877,0.177397911
101,1,25,2,3,1,0.083048433,0.058119658,0.839055081,0.423361823,-0.055840456,0.510731244
102,2,33,7,1,4,-0.583618234,-0.275213675,-1.466500475,0.09002849,0.610826211,-0.600379867
103,2,25,2,3,2,-0.333618234,0.391452991,-0.258167142,-0.576638177,-0.389173789,-0.044824311
104,1,21,3,3,1,-0.333618234,-0.608547009,-0.563722697,-0.243304843,0.110826211,0.399620133
105,1,38,12,3,4,0.2497151,-0.275213675,0.464055081,-0.243304843,-0.055840456,0.399620133
106,2,21,3,3,1,-0.666951567,-0.941880342,-0.535944919,-0.076638177,-0.555840456,-0.600379867
107,1,27,2,1,1,-1.166951567,-1.608547009,-0.813722697,-2.076638177,-1.555840456,-1.378157645
108,2,18,1,1,1,0.583048433,0.391452991,-0.174833808,0.756695157,0.610826211,0.510731244
109,1,28,1,3,1,1.2497151,0.391452991,0.033499525,0.256695157,0.444159544,0.399620133
110,2,19,1,3,1,-1.333618234,-1.608547009,-1.508167142,-0.90997151,-0.889173789,-1.378157645
111,2,20,1,4,2,-0.666951567,-1.608547009,-1.508167142,-1.243304843,-1.389173789,-1.489268756
112,2,25,3,3,1,0.4997151,0.391452991,0.60294397,0.423361823,0.610826211,0.510731244
113,2,20,1,3,1,1.583048433,1.391452991,0.491832858,1.423361823,0.110826211,-0.378157645
114,1,19,4,3,1,1.583048433,1.391452991,0.491832858,1.756695157,1.610826211,1.510731244
115,2,28,3,4,1,0.333048433,0.058119658,0.394610636,-0.076638177,-0.055840456,0.0662868
116,2,23,1,3,2,-0.416951567,1.391452991,0.019610636,-3.40997151,-4.055840456,-2.711490978
117,1,24,2,3,1,-0.666951567,-0.608547009,-0.841500475,-0.243304843,-0.555840456,-0.600379867
118,1,19,1,2,1,-0.2502849,0.058119658,-0.605389364,0.256695157,-0.555840456,-0.378157645
119,2,24,1,3,1,-0.333618234,-0.941880342,-0.549833808,-0.076638177,-0.055840456,0.288509022
120,1,32,5,5,2,-1.166951567,-0.608547009,-0.369278253,0.09002849,0.110826211,-0.378157645
121,1,33,5,2,1,-1.7502849,0.724786325,-2.077611586,-1.743304843,-2.055840456,-2.155935423
122,1,25,2,3,2,-1.7502849,-1.941880342,-0.799833808,1.423361823,-0.389173789,-1.378157645
123,2,19,2,3,1,-1.583618234,-0.608547009,-1.174833808,-1.40997151,-1.389173789,-1.489268756
124,2,21,2,3,1,-0.916951567,-1.608547009,-0.410944919,0.256695157,0.444159544,-0.155935423
125,2,18,18,3,2,-3.5002849,-3.608547009,-2.869278253,-3.576638177,-2.555840456,-2.822602089
126,2,25,3,3,1,0.166381766,0.058119658,0.033499525,0.756695157,0.610826211,-0.822602089
127,2,28,2,3,1,0.416381766,0.391452991,0.436277303,-0.40997151,-0.389173789,-0.489268756
128,2,23,1,3,2,-0.083618234,-0.275213675,-0.230389364,-0.076638177,0.110826211,-1.044824311
129,2,20,3,3,2,0.333048433,0.391452991,-0.619278253,-0.90997151,0.110826211,-0.711490978
130,1,22,1,3,1,-1.0002849,-2.608547009,-0.869278253,-1.243304843,-1.222507123,-1.267046534
131,2,25,2,4,1,0.583048433,0.391452991,-0.174833808,0.756695157,0.610826211,0.510731244
132,2,25,2,3,1,-0.166951567,-2.275213675,-1.64705603,-0.076638177,0.444159544,-0.489268756
133,2,22,1,3,1,-0.666951567,-0.608547009,-0.605389364,-1.243304843,-1.722507123,-0.378157645
134,2,22,2,3,1,0.416381766,0.058119658,-0.174833808,0.756695157,0.610826211,0.510731244
135,2,22,1,3,1,-0.666951567,0.058119658,-0.39705603,0.256695157,-0.555840456,-0.9337132
136,2,22,1,3,1,-0.2502849,0.391452991,-0.313722697,0.09002849,-0.222507123,-0.155935423
137,2,25,5,3,1,-0.083618234,-0.608547009,-0.02205603,0.756695157,0.610826211,0.0662868
138,2,21,0,3,1,-0.333618234,-0.941880342,-0.369278253,-1.076638177,-1.389173789,-0.378157645
139,2,28,3,3,1,0.583048433,0.391452991,0.491832858,0.756695157,0.610826211,0.510731244
140,1,24,1,2,2,0.416381766,0.391452991,-0.091500475,1.09002849,0.444159544,-0.489268756
141,2,19,0,3,1,-1.7502849,-1.941880342,-1.883167142,-1.743304843,-1.889173789,-1.489268756
142,2,22,1,3,1,-0.916951567,-1.941880342,-0.841500475,-0.90997151,-0.889173789,-0.155935423
143,1,24,2,3,2,-0.583618234,-1.275213675,-0.785944919,-0.90997151,-0.222507123,-0.822602089
144,1,23,1,3,1,-1.083618234,-1.275213675,-0.202611586,0.256695157,-0.222507123,-1.155935423
145,2,19,1,3,1,-0.2502849,-0.275213675,-0.702611586,-0.243304843,-0.389173789,-0.489268756
146,2,21,0.5,3,1,-0.583618234,-1.941880342,0.325166192,1.256695157,0.944159544,-0.378157645
147,2,23,1,3,1,-0.666951567,-0.275213675,-1.049833808,-0.743304843,-1.222507123,-1.044824311
148,2,23,1,3,1,-0.666951567,0.391452991,-0.89705603,0.09002849,0.944159544,-0.155935423
149,2,21,3,3,2,-1.583618234,-1.608547009,-1.383167142,-1.40997151,-1.389173789,-1.489268756
150,2,21,1,3,1,-0.0002849,0.058119658,0.075166192,0.423361823,0.444159544,-0.155935423
151,1,19,2,3,2,-0.416951567,-0.608547009,-0.744278253,-0.40997151,-0.055840456,-0.267046534
152,2,26,1,4,2,0.583048433,0.391452991,1.047388414,0.423361823,-0.389173789,0.399620133
153,1,25,2,4,1,-0.7502849,-0.608547009,-0.910944919,-0.243304843,-1.055840456,-0.9337132
154,2,21,3,3,1,-0.666951567,-0.608547009,0.019610636,-0.076638177,-0.389173789,-1.267046534
155,2,23,1,3,1,0.083048433,-0.275213675,-0.049833808,0.423361823,0.110826211,0.0662868
156,1,26,5,1,2,0.666381766,0.724786325,0.089055081,1.256695157,0.944159544,0.510731244
157,1,26,4,3,1,-0.5002849,0.724786325,0.005721747,-0.743304843,-0.722507123,-1.378157645
158,2,24,1,4,2,-0.583618234,-1.608547009,-0.952611586,-0.40997151,-0.222507123,-0.378157645
159,2,27,5,3,1,0.4997151,0.391452991,0.658499525,0.59002849,0.610826211,0.510731244
160,2,25,2,3,3,-0.0002849,1.391452991,0.22794397,1.09002849,1.110826211,-0.044824311
161,1,26,2,3,1,-0.916951567,-2.608547009,-0.855389364,-0.243304843,-1.222507123,-1.155935423
162,1,35,8,2,3,1.416381766,1.391452991,1.033499525,0.09002849,0.610826211,0.732953466
163,1,18,1,3,1,-1.416951567,0.391452991,-0.39705603,0.09002849,0.110826211,-1.9337132
164,1,26,1,4,1,0.583048433,-0.275213675,0.491832858,-1.576638177,-0.722507123,0.510731244
165,2,23,1,4,1,0.666381766,0.391452991,-0.133167142,0.756695157,0.610826211,0.288509022
166,2,25,4,3,3,-0.333618234,-2.608547009,-0.410944919,-2.576638177,-2.222507123,-1.267046534
167,2,24,3,3,2,-1.2502849,-1.275213675,-1.27205603,-0.90997151,-0.889173789,-0.822602089
168,2,25,3,3,1,-2.083618234,-1.941880342,-1.327611586,-0.743304843,-1.722507123,-1.711490978
169,2,30,3,3,2,-0.2502849,0.391452991,-0.494278253,1.09002849,-0.555840456,-0.155935423
170,2,22,1,3,1,-1.583618234,-1.608547009,-1.660944919,-1.243304843,-1.722507123,-1.711490978
171,2,29,3,4,3,-0.333618234,-0.608547009,-0.744278253,-0.243304843,-0.389173789,-0.600379867
172,1,23,1,4,1,-0.0002849,-0.275213675,0.214055081,0.923361823,-0.055840456,-0.044824311
173,1,22,3,4,1,0.333048433,0.058119658,-0.341500475,0.256695157,0.444159544,-0.155935423
174,1,23,1,3,1,-0.5002849,0.391452991,-0.230389364,-0.40997151,0.110826211,0.0662868
175,2,22,1,3,1,-0.416951567,-2.608547009,-1.39705603,-0.90997151,-0.889173789,-0.822602089
176,2,20,1,3,1,-0.083618234,0.058119658,-0.313722697,0.423361823,0.110826211,-0.267046534
177,1,25,3,3,1,0.083048433,-0.275213675,-0.341500475,-0.076638177,-0.055840456,0.621842355
178,2,20,3,3,1,-0.166951567,-0.608547009,0.214055081,0.923361823,0.610826211,0.399620133
179,2,22,0,3,1,-1.416951567,-1.608547009,-0.799833808,-0.576638177,-0.389173789,-0.489268756
180,1,18,14,3,1,-1.833618234,-0.941880342,-1.008167142,-0.576638177,-1.555840456,-1.155935423
181,2,28,6,4,1,-0.0002849,0.391452991,-0.660944919,0.256695157,0.444159544,0.510731244
182,2,25,2,4,2,-0.2502849,-0.275213675,-0.14705603,-0.243304843,-0.055840456,0.177397911
183,1,24,1,3,1,-0.5002849,-2.941880342,-0.119278253,-1.243304843,-1.555840456,-0.267046534
184,2,19,1,3,1,0.666381766,1.391452991,0.616832858,1.756695157,1.610826211,0.177397911
185,2,23,2,3,2,-0.666951567,-0.275213675,-0.688722697,-0.076638177,0.444159544,-0.155935423
186,2,21,3,3,1,-0.2502849,-0.275213675,-0.230389364,0.256695157,-0.055840456,-0.267046534
187,1,33,5,4,3,-1.916951567,-0.608547009,-1.27205603,-2.40997151,-3.389173789,-2.822602089
188,2,26,3,4,2,-0.7502849,-0.608547009,-0.508167142,1.09002849,0.944159544,0.0662868
189,1,27,4,3,1,-0.166951567,-0.608547009,-0.244278253,-0.076638177,0.610826211,0.399620133
190,2,19,0,3,1,-1.5002849,-2.275213675,-1.688722697,-1.743304843,-1.889173789,-2.489268756
191,1,22,1,3,1,-0.666951567,-0.941880342,-1.230389364,-0.743304843,-1.055840456,-0.9337132
192,2,28,2,5,1,-3.083618234,-0.275213675,-2.424833808,0.756695157,-1.055840456,-2.9337132
193,2,26,1,3,2,0.666381766,-1.608547009,0.130721747,-2.076638177,-1.389173789,-1.378157645
194,1,23,1,2,1,-3.416951567,-3.608547009,-2.841500475,-3.243304843,-2.722507123,-2.155935423
195,1,26,2,3,1,-1.833618234,-1.608547009,-1.466500475,-0.743304843,-0.889173789,-0.9337132
196,1,24,2,3,1,1.583048433,1.391452991,0.491832858,1.756695157,1.610826211,1.510731244
197,2,25,6,2,2,-0.5002849,-0.275213675,-0.508167142,-0.90997151,-1.055840456,-0.822602089
198,2,24,1,3,1,0.166381766,0.391452991,0.116832858,0.756695157,0.610826211,0.510731244
199,2,27,3,4,1,0.916381766,1.391452991,0.186277303,0.756695157,0.444159544,-0.267046534
200,1,24,2,3,1,-3.666951567,-4.608547009,-3.508167142,-4.243304843,-3.389173789,-2.711490978
201,1,25,2,3,2,-2.7502849,-4.608547009,-2.508167142,-0.90997151,-0.222507123,-1.267046534
202,2,25,2,3,2,0.083048433,1.058119658,0.339055081,-0.243304843,-0.889173789,-0.711490978
203,2,24,2,3,2,1.083048433,-0.608547009,0.950166192,0.59002849,0.110826211,-0.600379867
204,2,24,2,3,1,-0.666951567,0.391452991,-0.244278253,-1.076638177,-1.055840456,-0.378157645
205,1,24,1,3,1,-0.166951567,0.724786325,0.533499525,0.59002849,-0.055840456,0.844064577
206,2,20,1,3,1,-0.5002849,-0.275213675,-0.327611586,0.09002849,0.110826211,-0.155935423
207,2,28,3,4,1,-0.5002849,-0.608547009,-0.14705603,-0.576638177,-0.222507123,-0.600379867
208,2,20,0,3,1,-1.416951567,-1.608547009,-1.508167142,-1.243304843,-1.389173789,-1.489268756
209,2,26,3,3,3,0.083048433,0.391452991,-0.133167142,0.59002849,0.610826211,0.510731244
210,1,19,2,3,1,-1.583618234,-1.941880342,-1.952611586,-1.90997151,-0.889173789,-1.155935423
211,1,22,2,1,2,-2.583618234,-1.941880342,-1.966500475,-1.743304843,-1.722507123,-1.822602089
212,2,19,0,3,1,-0.416951567,-1.275213675,-1.563722697,-1.243304843,-1.389173789,-1.378157645
213,2,23,1,3,1,-1.2502849,-0.941880342,-1.063722697,-0.40997151,-0.889173789,-0.489268756
214,2,21,3,3,1,0.2497151,0.058119658,0.075166192,-0.076638177,-0.222507123,0.177397911
215,2,24,2,3,1,-1.833618234,-1.608547009,-1.424833808,-1.243304843,-2.389173789,-2.267046534
216,2,24,2,3,1,0.666381766,-0.275213675,0.22794397,-0.076638177,0.110826211,0.288509022
217,2,25,0,4,1,-0.333618234,-1.275213675,-0.063722697,-0.076638177,-1.555840456,-0.489268756
218,2,23,1,3,1,-0.583618234,0.058119658,-0.716500475,-0.743304843,-0.555840456,-0.711490978
219,2,24,1,3,1,0.9997151,1.391452991,1.491832858,-0.743304843,-0.389173789,0.510731244
220,2,18,1,3,1,0.583048433,0.724786325,0.241832858,-2.076638177,-0.222507123,-0.044824311
221,1,18,0,3,1,0.416381766,-0.608547009,0.547388414,0.756695157,0.444159544,0.510731244
222,2,25,1,3,1,-1.416951567,-2.608547009,-0.563722697,-0.076638177,-1.555840456,-0.489268756
223,2,20,0,3,1,-1.166951567,-0.608547009,-0.883167142,-0.243304843,-0.722507123,-0.822602089
224,1,20,3,3,1,-1.5002849,-1.608547009,-0.660944919,-0.743304843,-0.889173789,-0.822602089
225,2,21,1,2,2,-1.416951567,-2.608547009,-1.424833808,-2.576638177,-2.389173789,-0.9337132
226,2,19,1,3,2,-0.833618234,0.724786325,-0.952611586,-0.40997151,0.110826211,-0.489268756
227,1,25,2,4,1,-1.166951567,-1.275213675,-0.369278253,-2.576638177,-2.055840456,-0.600379867
228,1,19,1,3,1,0.583048433,0.391452991,-0.174833808,0.756695157,0.777492877,0.510731244
229,2,18,1,3,1,-0.083618234,0.391452991,-0.383167142,0.923361823,0.110826211,0.399620133
230,2,20,1,3,1,0.583048433,1.058119658,-0.299833808,0.756695157,1.610826211,-0.155935423
231,2,20,2,2,1,-1.2502849,-1.608547009,-1.508167142,-1.243304843,-1.389173789,-1.489268756
232,2,21,1,3,1,-0.583618234,-0.608547009,-0.841500475,-0.576638177,-0.722507123,-1.489268756
233,2,45,10,3,1,-0.833618234,-0.941880342,-1.008167142,-0.40997151,-1.389173789,-1.267046534
234,2,21,2,3,1,-1.416951567,-1.608547009,-1.008167142,-1.743304843,-1.389173789,-1.489268756
235,2,24,2,3,2,-0.166951567,0.391452991,-0.313722697,-0.076638177,-0.222507123,-0.155935423
236,2,19,0,3,1,0.4997151,0.391452991,0.825166192,0.09002849,0.610826211,1.0662868
237,1,20,2,3,1,-0.333618234,-2.275213675,0.658499525,-0.743304843,-1.722507123,0.955175689
238,1,46,13,3,4,-0.0002849,0.058119658,0.005721747,-0.576638177,0.110826211,-0.489268756
239,2,25,3,3,1,0.583048433,0.724786325,0.589055081,0.423361823,1.110826211,1.288509022
240,1,22,1,4,2,0.166381766,-0.608547009,0.10294397,-0.076638177,-0.222507123,-0.378157645
241,2,22,3,3,1,-2.333618234,0.724786325,-1.924833808,-0.743304843,-0.722507123,-1.044824311
242,1,20,3,3,1,-1.583618234,-0.608547009,-1.508167142,-1.243304843,-1.389173789,-1.155935423
243,1,20,3,3,1,-0.833618234,-0.608547009,-1.410944919,-1.076638177,-1.055840456,-0.711490978
244,1,26,2,3,1,-0.666951567,-0.941880342,-1.174833808,-0.743304843,-0.889173789,-0.822602089
245,2,25,0,4,1,-1.583618234,-0.941880342,-1.27205603,-1.243304843,-1.389173789,-1.489268756
246,1,24,2,4,1,-1.0002849,-1.275213675,-0.827611586,-0.576638177,-1.055840456,-1.378157645
247,2,18,1,3,1,-0.916951567,0.058119658,-0.716500475,-0.40997151,-0.722507123,-0.489268756
248,1,27,4,3,3,1.083048433,1.058119658,1.214055081,1.59002849,1.277492877,1.0662868
249,2,22,5,3,2,-0.666951567,-1.275213675,-0.369278253,-0.243304843,0.277492877,-0.044824311
250,2,21,3,3,1,-1.5002849,-1.275213675,-1.119278253,-0.743304843,-0.889173789,-0.822602089
251,2,28,3,5,1,-3.2502849,-4.608547009,-3.383167142,-1.243304843,-2.389173789,-3.489268756
252,2,25,5,3,1,0.333048433,0.391452991,0.658499525,0.423361823,0.610826211,0.510731244
253,1,26,3,3,1,0.2497151,0.724786325,0.547388414,0.09002849,0.110826211,0.844064577
254,1,18,2,3,1,1.583048433,1.391452991,-0.049833808,0.756695157,0.610826211,-0.711490978
255,1,28,2,3,1,0.333048433,-0.275213675,-0.674833808,0.59002849,0.110826211,-0.267046534
256,1,23,1,3,1,-0.916951567,-1.275213675,-1.244278253,-0.243304843,-1.222507123,-1.267046534
257,2,23,2,4,1,-1.583618234,-1.275213675,-1.424833808,-2.243304843,-3.555840456,-2.711490978
258,1,26,2,4,1,0.2497151,0.391452991,0.380721747,0.09002849,0.277492877,0.621842355
259,1,25,2,4,1,0.416381766,0.058119658,0.47794397,0.59002849,0.610826211,0.510731244
260,1,24,1,4,1,0.416381766,0.391452991,-0.369278253,1.256695157,1.110826211,0.621842355
261,2,20,1,3,1,-0.583618234,0.724786325,-0.799833808,-0.076638177,0.110826211,-0.600379867
262,1,20,3,1,1,-0.833618234,-0.608547009,-1.244278253,-0.576638177,-0.389173789,-0.489268756
263,2,21,0.5,3,1,0.083048433,-0.608547009,0.339055081,0.923361823,0.110826211,-0.267046534
264,1,26,2,3,1,-2.666951567,-1.608547009,-2.591500475,-1.90997151,-2.389173789,-2.9337132
265,1,19,5,3,1,-0.416951567,-0.608547009,-0.841500475,-0.243304843,-0.389173789,-0.489268756
266,1,28,4,4,2,0.833048433,0.391452991,0.72794397,1.423361823,1.277492877,0.955175689
267,2,20,3,3,1,-0.833618234,-1.275213675,-0.883167142,-0.40997151,-0.555840456,-0.9337132
268,1,25,2,3,1,-0.5002849,0.058119658,-0.02205603,0.09002849,-0.055840456,0.177397911
269,2,23,3,3,1,-2.333618234,-2.608547009,-2.174833808,-2.243304843,-2.055840456,-1.489268756
270,2,23,1,4,2,-0.5002849,0.391452991,-0.383167142,-0.243304843,-0.389173789,-0.489268756
271,1,25,2,4,1,-0.166951567,0.391452991,0.033499525,1.256695157,1.277492877,0.955175689
272,2,21,0,3,1,-1.416951567,-1.608547009,-1.508167142,-1.243304843,-1.389173789,-1.489268756
273,2,18,0,3,1,-1.416951567,-1.608547009,-1.508167142,-2.076638177,-1.055840456,-1.267046534
274,1,22,2,3,1,1.333048433,0.724786325,-0.244278253,-0.243304843,-0.389173789,-0.489268756
275,2,28,5,3,2,-1.0002849,-0.608547009,-0.952611586,-1.076638177,-0.889173789,-1.155935423
276,1,21,1,3,1,0.083048433,-0.275213675,-0.716500475,-1.076638177,-0.555840456,-0.822602089
277,2,20,3,1,1,0.666381766,1.391452991,1.436277303,1.756695157,1.610826211,1.510731244
278,1,27,3,4,1,0.166381766,-0.608547009,-0.605389364,0.09002849,-0.222507123,-0.044824311
279,1,25,3,2,2,-0.416951567,-0.608547009,-0.841500475,-0.243304843,-0.389173789,-0.489268756
280,2,40,10,1,4,1.583048433,1.391452991,0.089055081,1.09002849,0.277492877,1.0662868
281,2,25,1,3,2,1.583048433,1.391452991,0.491832858,1.756695157,1.610826211,1.510731244
282,1,22,1,3,1,-0.2502849,-1.608547009,-0.89705603,-1.243304843,-1.722507123,0.399620133
283,2,25,1,4,2,0.416381766,-0.608547009,0.436277303,0.09002849,-0.389173789,0.177397911
284,2,24,2,3,1,0.083048433,-0.941880342,-0.049833808,-0.076638177,-0.555840456,-1.267046534
285,2,23,1,3,1,-0.083618234,-0.608547009,0.047388414,-0.076638177,-0.389173789,-0.378157645
286,1,24,1,3,1,1.583048433,1.391452991,0.491832858,1.756695157,1.610826211,1.510731244
287,1,23,1,3,2,0.333048433,-0.608547009,0.658499525,0.256695157,0.110826211,0.399620133
288,2,27,2,4,1,-0.5002849,-0.608547009,-0.133167142,0.256695157,-0.222507123,0.177397911
289,2,26,1,4,1,0.083048433,0.391452991,-0.480389364,1.09002849,-0.055840456,1.0662868
290,1,29,4,4,2,0.9997151,1.058119658,1.116832858,1.256695157,1.277492877,1.177397911
291,2,22,1,3,2,0.583048433,-0.608547009,0.380721747,0.256695157,0.610826211,0.510731244
292,1,24,1,3,1,-0.666951567,-0.608547009,-0.480389364,-0.743304843,-1.389173789,-0.711490978
293,2,22,1,3,2,0.4997151,0.391452991,0.491832858,0.756695157,0.610826211,0.510731244
294,2,36,11,4,4,-0.083618234,0.058119658,-0.119278253,-0.243304843,-0.055840456,0.177397911
295,2,32,7,3,4,-0.166951567,1.058119658,-0.02205603,-0.243304843,0.110826211,0.177397911
296,1,38,11,4,4,0.666381766,0.391452991,0.60294397,0.923361823,0.777492877,0.621842355
297,1,35,10,3,4,0.583048433,0.391452991,0.783499525,0.923361823,0.444159544,0.844064577
298,1,37,10,4,4,0.666381766,1.058119658,0.672388414,0.923361823,0.610826211,0.955175689
299,1,38,11,3,4,0.583048433,0.724786325,0.616832858,0.923361823,0.610826211,0.510731244
300,2,25,3,1,1,-0.916951567,-1.275213675,-1.369278253,-1.743304843,-2.222507123,-2.378157645
301,2,33,8,3,4,-0.0002849,-0.275213675,0.075166192,-0.076638177,0.277492877,-0.155935423
302,2,33,8,3,4,-0.083618234,0.391452991,-0.133167142,-0.243304843,0.110826211,0.177397911
303,2,28,3,3,3,-0.083618234,1.058119658,0.450166192,-2.743304843,-1.722507123,-0.267046534
304,2,35,10,4,4,0.166381766,0.391452991,0.186277303,-0.076638177,-0.222507123,-0.044824311
305,2,38,11,3,4,0.583048433,0.391452991,0.755721747,0.923361823,0.944159544,0.621842355
306,2,38,10,3,4,0.583048433,0.391452991,0.686277303,0.923361823,0.610826211,0.732953466
307,2,36,10,3,4,0.666381766,0.724786325,0.519610636,0.756695157,0.610826211,0.732953466
308,2,35,9,3,4,0.666381766,0.391452991,0.741832858,0.59002849,0.944159544,0.399620133
309,2,37,10,3,4,0.666381766,0.391452991,0.714055081,0.923361823,0.610826211,0.621842355
310,2,35,9,3,4,0.4997151,0.724786325,0.72794397,1.09002849,0.444159544,0.732953466
311,2,26,2,3,2,0.833048433,0.391452991,0.908499525,0.59002849,0.944159544,0.732953466
312,2,22,2,3,1,1.166381766,1.058119658,1.061277303,0.756695157,1.110826211,1.0662868
313,2,36,10,3,4,0.583048433,0.391452991,0.672388414,0.923361823,0.610826211,0.510731244
314,1,28,3,3,4,0.833048433,0.391452991,0.755721747,0.756695157,0.944159544,0.510731244
315,2,29,3,3,4,0.333048433,0.724786325,0.450166192,0.09002849,0.610826211,0.621842355
316,2,28,2,3,4,0.583048433,1.058119658,0.644610636,-0.243304843,0.610826211,0.399620133
317,1,26,2,3,3,0.583048433,1.058119658,0.700166192,-0.076638177,0.444159544,0.288509022
318,2,28,4,3,4,-0.083618234,0.724786325,0.464055081,-2.40997151,-1.722507123,-0.267046534
319,2,29,7,3,4,0.9997151,0.058119658,0.97794397,0.756695157,1.110826211,0.732953466
320,2,27,3,3,4,0.916381766,0.391452991,0.85294397,0.423361823,0.944159544,0.399620133
321,2,30,5,3,4,-0.083618234,0.724786325,0.464055081,-2.40997151,-1.722507123,-0.267046534
322,2,34,9,4,4,-0.083618234,0.724786325,0.172388414,-0.076638177,0.277492877,0.177397911
323,1,27,2,3,4,0.916381766,0.058119658,1.033499525,0.923361823,0.944159544,0.510731244
324,2,28,3,3,4,0.4997151,0.724786325,0.60294397,0.09002849,0.444159544,0.288509022
325,2,35,10,4,4,-0.166951567,0.058119658,0.019610636,0.09002849,-0.389173789,-0.267046534
326,2,33,7,4,4,0.083048433,0.724786325,0.116832858,-0.243304843,-0.055840456,0.0662868
327,2,34,8,4,4,-0.0002849,-0.275213675,0.075166192,-0.243304843,-0.055840456,-0.267046534
328,2,27,2,3,2,0.333048433,0.391452991,0.616832858,0.09002849,0.277492877,0.732953466
329,2,24,0.25,4,2,-0.0002849,-0.275213675,0.755721747,0.59002849,-0.389173789,-0.378157645
330,2,34,9,3,4,0.083048433,0.391452991,0.10294397,0.09002849,0.110826211,-0.044824311
331,2,37,6,4,4,0.9997151,1.391452991,1.394610636,0.256695157,0.444159544,1.288509022
332,2,35,10,4,4,0.083048433,-0.608547009,-0.035944919,-0.243304843,-0.055840456,-0.044824311
333,2,32,6,3,4,1.083048433,0.724786325,0.85294397,0.923361823,0.777492877,0.510731244
334,2,32,6,3,4,1.083048433,0.724786325,0.825166192,1.256695157,1.110826211,0.510731244
335,1,29,6,3,4,-2.666951567,-0.608547009,-2.674833808,-2.576638177,-1.055840456,-1.711490978
336,2,30,6,4,4,-0.083618234,0.391452991,0.075166192,-0.243304843,-0.055840456,0.0662868
337,1,35,10,3,4,0.7497151,1.391452991,1.311277303,0.59002849,0.944159544,1.288509022
338,1,27,3,3,4,0.416381766,-0.275213675,-0.355389364,0.09002849,0.277492877,0.621842355
339,2,25,2,4,2,-1.333618234,-1.275213675,-1.702611586,-0.243304843,-1.555840456,-0.711490978
340,1,24,1,4,2,-0.5002849,-0.275213675,-0.202611586,-0.076638177,-0.055840456,0.177397911
341,1,38,15,3,4,0.166381766,1.058119658,0.630721747,-0.40997151,0.277492877,0.177397911
342,2,33,4,3,3,0.416381766,1.058119658,0.644610636,0.09002849,-0.055840456,0.510731244
343,2,32,6,3,4,0.7497151,0.724786325,0.616832858,1.09002849,0.944159544,1.0662868
344,2,29,5,3,4,-0.2502849,0.724786325,-0.188722697,-0.90997151,-0.389173789,-0.044824311
345,2,30,5,3,4,-0.2502849,0.391452991,0.033499525,-0.576638177,0.110826211,-0.044824311
346,2,26,4,3,1,1.416381766,1.391452991,0.714055081,0.256695157,0.610826211,1.0662868
347,2,36,5,3,4,0.166381766,0.058119658,0.491832858,1.09002849,0.777492877,0.399620133
348,2,35,5,5,4,0.333048433,0.724786325,0.60294397,0.09002849,0.444159544,0.399620133
349,2,31,6,3,4,0.083048433,0.391452991,0.033499525,0.09002849,0.110826211,0.0662868
350,2,35,10,4,4,-0.166951567,0.058119658,-0.091500475,-0.076638177,0.110826211,0.177397911
351,2,34,9,3,4,-0.166951567,0.058119658,0.089055081,-0.243304843,0.277492877,-0.044824311
352,1,30,5,3,4,-0.2502849,1.058119658,-0.216500475,-0.576638177,-0.389173789,-0.155935423
353,2,33,8,4,4,-0.166951567,0.058119658,0.075166192,-0.243304843,0.110826211,0.0662868
354,2,32,8,4,4,-0.2502849,0.391452991,0.186277303,-0.076638177,0.110826211,-0.044824311
355,1,33,8,4,4,0.4997151,0.724786325,0.35294397,0.09002849,0.444159544,0.510731244
356,2,30,5,3,4,-0.333618234,0.724786325,-0.174833808,-0.243304843,-0.389173789,-0.044824311
357,2,29,5,3,2,-0.333618234,0.724786325,-0.14705603,-0.743304843,-0.055840456,0.288509022
358,2,46,21,1,4,-0.2502849,0.058119658,-0.160944919,1.09002849,-1.389173789,-0.489268756
359,2,32,7,3,4,0.4997151,0.058119658,0.339055081,0.09002849,0.444159544,0.288509022
360,2,27,2,4,2,-0.416951567,0.058119658,0.366832858,0.09002849,0.277492877,0.0662868
361,2,32,5,2,4,0.166381766,-0.608547009,0.658499525,-0.576638177,-1.055840456,-0.155935423
362,2,31,4,3,4,0.2497151,0.391452991,0.200166192,-1.90997151,-0.055840456,0.0662868
363,2,33,7,4,4,0.583048433,0.391452991,0.491832858,-0.243304843,0.610826211,0.621842355
364,1,32,6,3,3,-0.0002849,0.391452991,0.22794397,0.09002849,0.277492877,0.288509022
365,2,35,9,4,4,0.4997151,0.391452991,0.464055081,-0.90997151,-0.389173789,0.510731244
366,1,35,7,4,4,0.833048433,1.058119658,1.033499525,0.59002849,0.777492877,0.844064577
367,2,37,9,3,4,0.7497151,0.724786325,0.964055081,1.09002849,1.110826211,0.732953466
368,2,37,8,3,4,0.833048433,0.724786325,0.880721747,1.09002849,1.110826211,0.399620133
369,2,31,4,5,3,0.9997151,1.391452991,1.033499525,0.256695157,0.610826211,0.732953466
370,2,33,7,4,4,0.4997151,0.391452991,0.575166192,-0.90997151,-0.222507123,0.621842355
371,2,31,3,3,1,-0.0002849,0.391452991,0.186277303,-2.90997151,-2.389173789,-0.378157645
372,2,30,6,3,4,0.916381766,1.058119658,0.991832858,1.256695157,1.110826211,0.844064577
373,1,27,3,3,1,1.083048433,0.724786325,1.130721747,1.256695157,0.610826211,0.955175689
374,2,31,6,3,4,-0.083618234,1.058119658,0.019610636,0.256695157,0.444159544,0.177397911
375,1,28,4,3,4,0.583048433,0.724786325,0.769610636,0.923361823,0.610826211,1.0662868
376,1,30,6,3,4,0.916381766,1.058119658,0.825166192,1.09002849,0.277492877,0.844064577
377,1,31,6,3,4,0.833048433,0.724786325,0.908499525,0.756695157,0.610826211,0.732953466
378,1,29,6,3,3,0.7497151,0.724786325,0.769610636,0.923361823,0.110826211,0.844064577
379,1,30,5,3,3,0.916381766,0.391452991,0.866832858,0.923361823,0.277492877,1.177397911
380,1,36,8,4,4,1.2497151,0.391452991,0.936277303,1.256695157,1.277492877,1.0662868
381,1,35,8,4,4,0.916381766,0.391452991,1.255721747,0.59002849,0.944159544,1.0662868
382,1,34,6,4,4,1.166381766,0.391452991,1.144610636,1.256695157,1.110826211,1.288509022
383,2,31,6,3,4,0.166381766,0.724786325,-0.008167142,0.09002849,0.110826211,0.0662868
384,1,32,7,3,4,0.7497151,0.724786325,0.658499525,0.923361823,1.110826211,0.621842355
385,1,32,5,4,4,0.9997151,1.058119658,0.616832858,1.09002849,0.610826211,1.0662868
386,2,31,8,3,4,0.583048433,0.391452991,0.464055081,0.256695157,0.777492877,0.0662868
387,2,26,6,4,4,0.583048433,0.724786325,0.436277303,0.256695157,1.110826211,0.399620133
388,2,32,3,3,4,0.583048433,-0.275213675,0.519610636,0.59002849,0.444159544,0.732953466
389,2,31,33,3,4,0.4997151,0.058119658,0.519610636,0.256695157,0.444159544,0.621842355
390,1,31,7,3,4,0.2497151,-0.275213675,0.380721747,0.256695157,-0.055840456,0.510731244
391,2,31,8,3,4,0.7497151,1.058119658,0.741832858,0.756695157,1.110826211,1.0662868
392,2,30,6,3,4,0.083048433,0.058119658,0.408499525,0.59002849,0.444159544,0.0662868
393,2,31,7,3,4,0.166381766,0.058119658,0.380721747,0.423361823,0.277492877,0.399620133
394,2,31,7,3,4,0.083048433,-0.275213675,0.158499525,0.09002849,0.110826211,0.177397911
395,2,30,6,3,4,0.166381766,0.724786325,0.380721747,0.09002849,0.277492877,0.510731244
396,2,31,6,3,4,0.9997151,0.724786325,0.880721747,0.59002849,0.777492877,0.955175689
397,1,30,5,3,4,-0.416951567,0.724786325,0.061277303,-0.076638177,0.110826211,0.0662868
398,1,30,4,3,3,0.9997151,0.391452991,0.880721747,0.59002849,0.444159544,0.510731244
399,1,41,18,3,4,-0.0002849,0.724786325,0.061277303,0.09002849,0.444159544,0.399620133
400,2,31,6,3,4,0.7497151,0.724786325,0.700166192,1.09002849,0.777492877,0.732953466
401,1,30,5,3,4,0.916381766,1.391452991,0.825166192,1.423361823,0.610826211,0.955175689
402,1,29,4,3,3,0.9997151,0.391452991,0.839055081,0.923361823,0.444159544,0.288509022
403,2,26,6,4,4,-0.083618234,1.058119658,0.408499525,0.256695157,0.777492877,0.621842355
404,2,26,5,4,4,0.416381766,1.058119658,0.35294397,0.59002849,0.777492877,0.510731244
405,2,46,15,4,4,-3.416951567,-2.608547009,-3.730389364,-3.243304843,-3.722507123,-3.155935423
406,2,35,9,3,4,0.166381766,0.058119658,0.450166192,0.09002849,0.610826211,0.844064577
407,1,30,4,3,4,0.7497151,1.058119658,0.950166192,0.923361823,0.777492877,0.732953466
408,1,31,5,3,4,0.916381766,0.391452991,0.672388414,1.256695157,0.277492877,0.732953466
409,1,34,8,2,4,0.4997151,0.724786325,0.339055081,0.423361823,1.110826211,-0.044824311
410,1,26,3,3,4,0.7497151,0.724786325,0.547388414,0.923361823,0.610826211,0.844064577
411,1,30,6,3,4,0.2497151,1.058119658,0.505721747,0.59002849,0.610826211,0.732953466
412,2,32,7,3,4,0.7497151,1.058119658,0.741832858,0.256695157,1.110826211,0.844064577
413,1,24,1,3,3,-0.083618234,1.058119658,0.366832858,0.09002849,0.777492877,0.844064577
414,2,35,7,4,4,0.7497151,0.724786325,0.769610636,1.09002849,0.610826211,0.510731244
415,2,33,4,4,4,0.916381766,0.391452991,1.075166192,1.423361823,1.110826211,1.177397911
416,2,36,8,4,4,0.916381766,0.058119658,0.964055081,0.756695157,0.944159544,0.621842355
417,2,33,3,3,4,0.9997151,1.058119658,0.991832858,0.256695157,1.110826211,1.177397911
418,2,32,3,3,4,0.916381766,1.058119658,0.825166192,0.256695157,0.944159544,0.621842355
419,2,31,3,3,4,0.916381766,1.058119658,0.825166192,0.256695157,1.110826211,0.955175689
420,2,33,5,4,4,0.583048433,1.058119658,1.005721747,1.09002849,1.277492877,0.955175689
421,2,32,6,4,4,1.166381766,1.391452991,0.797388414,1.256695157,1.110826211,1.0662868
422,2,29,3,3,4,0.833048433,1.058119658,0.936277303,0.256695157,0.944159544,1.0662868
423,2,32,4,3,4,0.4997151,0.058119658,0.658499525,0.09002849,0.110826211,0.288509022
424,2,29,3,3,4,0.7497151,1.058119658,0.964055081,0.256695157,0.944159544,0.510731244
425,2,26,3,3,4,0.333048433,0.058119658,0.491832858,-0.243304843,0.110826211,0.0662868
426,2,30,4,3,4,0.916381766,0.724786325,0.991832858,0.256695157,0.944159544,0.955175689
427,2,29,5,3,4,0.083048433,-0.275213675,0.116832858,0.423361823,0.444159544,0.177397911
428,2,30,5,3,4,0.7497151,0.391452991,0.630721747,0.923361823,1.110826211,0.399620133
429,2,36,8,3,4,0.166381766,0.058119658,0.366832858,0.423361823,0.277492877,0.510731244
430,2,32,5,3,2,0.166381766,1.391452991,0.658499525,0.923361823,0.944159544,0.955175689
431,1,29,3,3,3,1.083048433,0.391452991,1.186277303,1.09002849,1.277492877,0.844064577
432,2,30,6,3,4,-0.0002849,0.058119658,0.130721747,0.09002849,0.277492877,-0.155935423
433,2,32,6,3,4,0.666381766,0.391452991,0.700166192,0.756695157,0.944159544,1.0662868
434,2,26,3,4,4,0.2497151,0.391452991,-0.091500475,0.756695157,0.610826211,-0.267046534
435,2,20,1,2,1,0.333048433,1.058119658,0.47794397,0.423361823,0.944159544,0.288509022
436,1,51,3,2,4,0.083048433,-0.275213675,0.10294397,-1.243304843,-0.889173789,0.0662868
437,2,28,4,3,3,0.666381766,1.058119658,0.922388414,0.923361823,1.110826211,0.621842355
438,2,30,3,4,4,-0.583618234,-0.608547009,-1.008167142,-1.40997151,-1.889173789,-1.044824311
439,1,31,7,3,4,0.166381766,-0.275213675,0.311277303,0.09002849,0.110826211,0.0662868
440,1,34,8,3,4,0.2497151,0.391452991,0.116832858,0.59002849,0.444159544,0.177397911
441,1,30,6,3,4,0.083048433,-0.275213675,0.339055081,0.09002849,0.110826211,0.399620133
442,2,35,9,3,4,0.7497151,0.391452991,0.72794397,0.923361823,0.944159544,0.621842355
443,1,32,6,3,4,0.7497151,0.724786325,0.672388414,0.923361823,0.777492877,0.844064577
444,2,31,6,4,4,0.416381766,0.724786325,0.547388414,0.256695157,0.777492877,0.621842355
445,2,31,8,4,4,0.583048433,0.724786325,0.436277303,0.256695157,0.777492877,0.177397911
446,1,28,2,3,4,-0.2502849,0.724786325,0.172388414,-0.576638177,-0.222507123,0.177397911
447,2,25,2,3,2,-0.5002849,0.391452991,-0.424833808,-0.076638177,-0.055840456,0.0662868
448,1,28,5,3,4,0.416381766,0.391452991,-0.355389364,0.59002849,0.444159544,0.399620133
449,1,42,3,3,4,0.416381766,0.391452991,0.158499525,0.59002849,0.777492877,0.732953466
450,2,32,9,3,4,0.7497151,1.058119658,0.714055081,0.756695157,0.777492877,0.955175689
451,2,36,8,3,4,0.166381766,-0.275213675,0.283499525,-1.576638177,-0.389173789,0.288509022
452,2,30,6,3,4,0.083048433,0.058119658,0.158499525,0.09002849,0.777492877,0.288509022
453,2,37,8,3,4,0.333048433,0.391452991,0.85294397,0.923361823,0.610826211,0.510731244
454,2,42,16,3,4,0.583048433,1.058119658,0.950166192,0.756695157,0.610826211,1.0662868
455,2,31,6,3,4,0.083048433,0.058119658,0.075166192,0.256695157,0.777492877,0.510731244
456,1,31,7,3,4,0.333048433,-0.608547009,0.241832858,0.09002849,0.444159544,0.510731244
457,2,31,8,4,4,0.2497151,1.058119658,0.186277303,0.256695157,0.777492877,0.399620133
458,1,31,9,4,4,0.583048433,1.058119658,0.60294397,0.256695157,1.110826211,0.177397911
459,2,35,12,3,4,1.333048433,1.391452991,1.436277303,0.756695157,1.277492877,1.510731244
460,2,30,5,3,4,0.083048433,0.058119658,0.089055081,-0.076638177,0.110826211,0.177397911
461,2,36,10,3,4,0.4997151,0.724786325,0.811277303,1.09002849,0.610826211,0.844064577
462,1,35,5,3,4,0.916381766,0.724786325,1.116832858,-1.243304843,0.277492877,1.0662868
463,1,32,7,2,4,-0.583618234,-0.275213675,-0.410944919,-0.90997151,-0.055840456,-0.600379867
464,1,26,4,3,4,0.416381766,0.391452991,0.200166192,-1.076638177,-0.055840456,0.510731244
465,1,30,6,3,4,0.083048433,-0.275213675,0.269610636,0.09002849,0.277492877,0.288509022
466,2,37,7,3,4,0.7497151,0.058119658,0.811277303,1.09002849,0.610826211,0.510731244
467,2,24,1,3,1,0.583048433,1.391452991,0.880721747,0.756695157,0.444159544,0.844064577
468,2,32,5,3,4,0.416381766,0.724786325,0.741832858,0.923361823,0.777492877,0.732953466
469,2,32,7,3,4,0.583048433,1.058119658,0.672388414,0.756695157,0.777492877,0.510731244
470,2,35,9,4,4,0.9997151,0.724786325,0.964055081,-0.243304843,0.277492877,0.399620133
471,2,32,7,4,4,0.916381766,0.724786325,0.866832858,-0.243304843,0.110826211,0.510731244
472,1,36,5,4,4,0.916381766,0.724786325,0.97794397,0.923361823,0.944159544,0.732953466
473,1,36,6,4,4,0.666381766,0.391452991,0.894610636,1.256695157,0.610826211,0.621842355
474,2,36,7,4,4,1.083048433,1.058119658,0.880721747,0.756695157,0.944159544,0.732953466
475,2,29,5,3,4,0.333048433,0.724786325,0.783499525,0.423361823,0.110826211,0.0662868
476,2,33,5,4,4,1.083048433,0.724786325,1.116832858,1.256695157,1.110826211,1.0662868
477,1,34,6,4,4,0.916381766,0.058119658,1.200166192,1.256695157,0.944159544,1.0662868
478,2,33,3,3,4,0.583048433,1.058119658,0.797388414,0.256695157,0.777492877,0.732953466
479,2,31,3,3,4,0.583048433,0.724786325,0.686277303,0.256695157,0.777492877,0.288509022
480,2,32,3,3,4,0.666381766,0.724786325,0.630721747,0.256695157,0.444159544,0.288509022
481,2,31,7,4,4,0.083048433,1.058119658,0.35294397,0.256695157,1.110826211,0.177397911
482,2,26,5,4,1,-0.166951567,0.724786325,0.380721747,0.923361823,0.110826211,0.732953466
483,1,33,7,3,4,0.083048433,-0.275213675,0.10294397,0.59002849,0.110826211,0.510731244
484,1,39,8,3,4,0.583048433,0.724786325,0.797388414,0.923361823,0.944159544,0.844064577
485,1,36,10,3,4,0.916381766,0.724786325,0.797388414,0.923361823,0.944159544,0.955175689
486,1,32,9,3,4,0.9997151,0.724786325,1.047388414,0.59002849,0.944159544,0.177397911
487,1,38,9,3,4,0.916381766,0.724786325,0.811277303,1.09002849,1.110826211,1.0662868
488,1,37,8,3,4,0.833048433,1.058119658,0.714055081,1.09002849,0.777492877,0.621842355
489,1,37,8,3,4,0.7497151,0.724786325,0.769610636,1.09002849,0.777492877,1.0662868
490,1,36,7,3,4,1.083048433,0.724786325,0.97794397,0.923361823,1.110826211,0.510731244
491,2,30,6,3,4,0.166381766,0.724786325,0.491832858,0.756695157,1.277492877,0.399620133
492,2,34,2,2,4,1.333048433,1.391452991,1.283499525,0.423361823,1.110826211,1.0662868
493,2,32,5,3,4,0.7497151,0.391452991,0.519610636,0.923361823,0.610826211,0.621842355
494,2,29,5,3,4,0.083048433,0.724786325,0.714055081,0.59002849,0.444159544,0.732953466
495,2,29,5,3,4,0.9997151,0.391452991,0.908499525,0.256695157,1.110826211,0.732953466
496,2,32,7,3,4,0.916381766,0.724786325,1.005721747,1.09002849,1.110826211,0.399620133
497,2,45,6,5,4,0.4997151,1.058119658,0.97794397,1.09002849,0.944159544,1.0662868
498,2,28,5,3,4,1.2497151,0.724786325,0.769610636,0.423361823,1.277492877,0.510731244
499,2,30,6,3,4,1.083048433,0.391452991,0.755721747,0.756695157,0.944159544,0.844064577
500,2,27,4,3,4,0.7497151,1.058119658,0.991832858,0.59002849,0.944159544,0.510731244
501,1,29,5,3,4,0.9997151,0.391452991,0.880721747,0.756695157,0.944159544,0.844064577
502,2,29,5,3,4,0.083048433,-0.275213675,0.075166192,0.256695157,0.110826211,0.0662868
503,2,26,2.5,2,1,0.166381766,0.058119658,0.561277303,-0.243304843,-0.389173789,0.288509022
504,2,31,6,3,4,0.4997151,1.058119658,0.686277303,0.423361823,1.110826211,0.399620133
505,1,34,7,3,4,0.583048433,0.724786325,0.700166192,0.59002849,0.777492877,0.399620133
506,1,32,5,3,4,0.7497151,0.058119658,0.547388414,0.923361823,0.777492877,0.621842355
507,2,31,9,4,4,0.583048433,0.724786325,0.269610636,0.256695157,0.777492877,0.399620133
508,2,31,8,4,4,-0.166951567,0.724786325,0.325166192,0.256695157,0.777492877,0.399620133
509,2,38,8,3,4,0.333048433,1.058119658,0.575166192,0.756695157,0.777492877,0.955175689
510,2,37,10,3,4,0.083048433,0.058119658,0.505721747,0.756695157,0.777492877,0.621842355
511,1,29,6,5,4,0.083048433,-0.275213675,0.075166192,0.256695157,0.444159544,0.177397911
512,1,32,3,3,4,0.916381766,0.724786325,0.85294397,1.256695157,1.110826211,0.621842355
513,2,37,9,3,4,0.583048433,0.058119658,0.380721747,0.256695157,0.777492877,0.288509022
514,2,35,10,3,4,0.833048433,0.391452991,0.769610636,0.923361823,0.777492877,0.732953466
515,2,35,10,4,4,0.916381766,0.391452991,0.672388414,1.09002849,0.777492877,0.844064577
516,2,32,6,3,4,-1.0002849,0.058119658,-0.105389364,-0.40997151,0.444159544,0.288509022
517,2,29,3,3,4,0.583048433,0.724786325,1.10294397,0.923361823,0.944159544,0.844064577
518,2,38,7,3,4,0.583048433,0.058119658,0.422388414,0.423361823,1.110826211,0.621842355
519,2,28,3,3,4,0.7497151,0.724786325,1.019610636,0.256695157,0.944159544,0.844064577
520,2,26,5,4,1,0.2497151,1.058119658,0.686277303,0.256695157,0.777492877,0.399620133
521,2,26,6,4,1,0.416381766,0.391452991,0.35294397,0.256695157,0.777492877,0.399620133
522,2,33,3,3,4,0.666381766,1.058119658,0.991832858,0.59002849,0.777492877,0.621842355
523,2,31,3,3,4,0.7497151,1.058119658,0.908499525,0.59002849,0.777492877,0.955175689
524,2,32,3,3,4,0.916381766,1.058119658,0.908499525,0.756695157,0.777492877,0.955175689
525,2,29,4,3,4,0.666381766,0.724786325,1.033499525,0.59002849,0.944159544,0.844064577
526,2,32,5,3,4,0.666381766,0.058119658,0.630721747,1.256695157,0.444159544,0.732953466
527,2,38,8,3,4,0.9997151,0.391452991,0.85294397,0.59002849,0.944159544,0.399620133
528,1,30,6,3,4,0.916381766,0.724786325,0.755721747,0.59002849,0.777492877,0.955175689
529,2,20,1,3,1,0.2497151,0.724786325,0.741832858,0.256695157,0.610826211,0.844064577
530,2,23,1,3,1,-0.333618234,-0.275213675,-0.410944919,-1.743304843,-1.222507123,-0.9337132
531,2,23,1,3,1,0.2497151,-0.275213675,0.283499525,0.923361823,-0.389173789,0.844064577
532,2,28,5,3,4,0.9997151,0.724786325,0.755721747,0.09002849,0.944159544,0.732953466
533,1,27,4,3,3,0.833048433,0.724786325,0.839055081,0.59002849,0.610826211,0.732953466
534,2,33,8,3,4,1.2497151,1.058119658,1.311277303,1.256695157,1.277492877,1.0662868
535,1,37,9,3,4,0.7497151,0.391452991,0.769610636,0.923361823,0.777492877,0.732953466
536,1,29,5,3,4,0.916381766,1.058119658,0.922388414,0.923361823,0.777492877,0.732953466
537,1,28,4,3,3,0.9997151,0.724786325,0.644610636,-0.576638177,0.944159544,0.844064577
538,1,28,4,3,4,0.833048433,1.058119658,0.811277303,0.256695157,1.110826211,0.732953466
539,2,32,5,3,4,0.583048433,0.724786325,0.47794397,1.256695157,0.444159544,0.621842355
540,2,38,6,3,4,0.7497151,0.724786325,0.85294397,1.09002849,1.110826211,0.844064577
541,2,26,2,3,1,0.333048433,0.391452991,0.839055081,-0.243304843,-0.389173789,0.288509022
542,1,32,6,3,4,0.916381766,1.058119658,0.672388414,0.923361823,0.944159544,0.955175689
543,1,41,13,3,4,0.7497151,0.724786325,0.741832858,0.923361823,0.944159544,0.621842355
544,2,35,6,3,4,0.666381766,0.724786325,0.908499525,1.09002849,1.110826211,0.621842355
545,2,37,6,3,4,0.833048433,1.058119658,0.839055081,1.423361823,0.610826211,0.732953466
546,1,25,3,3,2,0.833048433,0.058119658,0.547388414,0.09002849,0.110826211,0.621842355
547,2,32,5,3,4,0.583048433,1.058119658,0.505721747,0.923361823,0.777492877,0.621842355
548,1,29,5,3,1,-0.0002849,-0.275213675,0.241832858,-1.743304843,-0.555840456,0.288509022
549,2,38,7,3,4,1.083048433,1.058119658,0.714055081,1.256695157,0.777492877,0.955175689
550,2,29,5,3,3,0.833048433,0.724786325,0.797388414,-0.076638177,1.110826211,0.621842355
551,2,36,8,3,4,0.833048433,0.391452991,0.880721747,0.923361823,0.944159544,0.732953466
552,2,32,5,3,4,0.583048433,0.724786325,0.283499525,0.923361823,0.777492877,0.399620133
553,2,32,6,3,4,0.2497151,0.724786325,0.519610636,-0.076638177,0.777492877,0.510731244
554,2,32,3,3,4,0.583048433,0.058119658,0.450166192,0.59002849,0.277492877,0.732953466
555,1,36,12,3,4,0.7497151,0.724786325,1.033499525,0.59002849,0.444159544,0.732953466
556,2,27,5,2,1,-0.083618234,1.391452991,0.047388414,0.756695157,0.944159544,0.510731244
557,2,39,13,3,4,0.666381766,1.058119658,0.825166192,0.923361823,0.777492877,1.0662868
558,2,31,6,4,4,0.666381766,0.724786325,0.519610636,0.923361823,0.444159544,0.732953466
559,2,49,30,3,4,1.083048433,1.391452991,1.491832858,1.256695157,1.610826211,1.288509022
560,2,31,9,4,4,0.416381766,0.391452991,0.35294397,0.256695157,0.110826211,0.399620133
561,2,31,8,3,4,-0.5002849,1.058119658,0.672388414,0.756695157,0.777492877,0.844064577
562,2,35,9,2,4,0.666381766,1.058119658,1.116832858,-0.90997151,0.777492877,1.0662868
563,1,24,1,3,2,-2.583618234,-4.608547009,-3.785944919,-1.243304843,-3.055840456,-3.711490978
564,2,31,8,3,4,0.083048433,1.058119658,0.491832858,0.09002849,0.444159544,0.288509022
565,2,28,5,3,3,-0.916951567,0.058119658,-0.383167142,-0.076638177,-0.222507123,-0.822602089
566,2,33,6,3,4,0.9997151,0.724786325,0.991832858,1.256695157,1.110826211,1.177397911
567,2,24,2,3,2,0.7497151,1.058119658,0.60294397,0.256695157,0.277492877,0.399620133
568,2,30,5,3,4,-0.416951567,1.391452991,0.672388414,-0.90997151,0.444159544,0.510731244
569,2,36,10,3,4,0.916381766,0.391452991,0.880721747,0.923361823,0.944159544,0.732953466
570,2,30,6,2,2,-0.416951567,0.058119658,-1.549833808,-1.40997151,-2.555840456,-1.822602089
571,2,31,8,4,4,0.416381766,0.391452991,0.35294397,0.256695157,0.777492877,0.732953466
572,2,31,5,3,4,-0.0002849,0.724786325,0.269610636,0.256695157,0.944159544,0.288509022
573,2,32,8,3,2,0.4997151,-0.941880342,0.658499525,-0.576638177,-0.389173789,0.288509022
574,1,26,5,3,3,0.583048433,1.391452991,1.005721747,1.09002849,1.110826211,0.399620133
575,1,27,5,4,4,-0.166951567,0.724786325,-0.910944919,-1.243304843,-1.222507123,-0.9337132
576,1,52,28,3,4,-1.0002849,1.058119658,-0.285944919,-0.90997151,-1.055840456,-0.267046534
577,1,32,5,2,4,0.9997151,0.724786325,1.019610636,0.756695157,0.944159544,1.0662868
578,1,29,4,3,3,-0.416951567,-0.608547009,-0.355389364,-0.90997151,-0.722507123,-1.044824311
579,1,31,6,2,4,0.916381766,0.391452991,0.97794397,0.756695157,0.944159544,1.0662868
580,2,26,2.5,3,1,0.2497151,-0.275213675,0.616832858,0.09002849,-0.055840456,0.510731244
581,1,34,5,2,4,0.7497151,0.724786325,0.505721747,0.256695157,0.610826211,0.732953466
582,1,28,3,3,4,-2.5002849,-2.608547009,-3.549833808,-3.076638177,-3.055840456,-2.822602089
583,1,37,7,3,4,0.7497151,0.391452991,0.686277303,0.09002849,0.277492877,0.288509022
584,1,36,6,3,4,0.583048433,1.058119658,0.464055081,1.09002849,0.444159544,0.510731244
585,2,26,3,3,1,-1.0002849,-0.275213675,-0.758167142,-1.743304843,-0.555840456,-0.600379867
